INSERT INTO tari (id_tara, nume_tara, continent, populatie) VALUES
(1, 'Romania', 'Europa', 19237691),
(2, 'Italia', 'Europa', 60262770),
(3, 'Germania', 'Europa', 83166711),
(4, 'Franța', 'Europa', 67391582),
(5, 'Spania', 'Europa', 46719142),
(6, 'Polonia', 'Europa', 38386000),
(7, 'Olanda', 'Europa', 17441139),
(8, 'Grecia', 'Europa', 10423054),
(9, 'Norvegia', 'Europa', 5421241),
(10, 'Suedia', 'Europa', 10379295),
(11, 'SUA', 'America de Nord', 331893745),
(12, 'Canada', 'America de Nord', 37742154),
(13, 'Mexic', 'America de Nord', 128933000),
(14, 'Brazilia', 'America de Sud', 211049527),
(15, 'Argentina', 'America de Sud', 45195777),
(16, 'Chile', 'America de Sud', 19116201),
(17, 'Australia', 'Oceania', 25499884),
(18, 'Noua Zeelandă', 'Oceania', 4822233),
(19, 'Japonia', 'Asia', 126476461),
(20, 'China', 'Asia', 1393409038),
(21, 'India', 'Asia', 1380004385),
(22, 'Coreea de Sud', 'Asia', 51269185),
(23, 'Indonezia', 'Asia', 273523615),
(24, 'Emiratele Arabe Unite', 'Asia', 9890400),
(25, 'Africa de Sud', 'Africa', 59308690),
(26, 'Egipt', 'Africa', 91250000),
(27, 'Nigeria', 'Africa', 206139589),
(28, 'Kenya', 'Africa', 53771296),
(29, 'Arabia Saudită', 'Asia', 34813867),
(30, 'Turcia', 'Asia', 84339067);

INSERT INTO localitati (id_localitate, nume_localitate, regiune, id_tara) VALUES
(1, 'București', 'Muntenia', 1),
(2, 'Cluj-Napoca', 'Transilvania', 1),
(3, 'Timișoara', 'Banat', 1),
(4, 'Iași', 'Moldova', 1),
(5, 'Constanța', 'Dobrogea', 1),
(6, 'Brașov', 'Transilvania', 1),
(7, 'Pașcani', 'Muntenia', 1),
(8, 'Oradea', 'Crișana', 1),
(9, 'Sibiu', 'Transilvania', 1),
(10, 'Arad', 'Banat', 1),
(11, 'Londra', 'Anglia', 2),
(12, 'Birmingham', 'West Midlands', 2),
(13, 'Manchester', 'Anglia', 2),
(14, 'Glasgow', 'Scoția', 2),
(15, 'Edinburgh', 'Scoția', 2),
(16, 'Liverpool', 'Anglia', 2),
(17, 'Paris', 'Île-de-France', 3),
(18, 'Lyon', 'Auvergne-Rhône-Alpes', 3),
(20, 'Lille', 'Hauts-de-France', 3),
(21, 'Berlin', 'Berlin', 4),
(22, 'Munchen', 'Bavaria', 4),
(23, 'Hamburg', 'Hamburg', 4),
(24, 'Frankfurt', 'Hessen', 4),
(25, 'Madrid', 'Madrid', 5),
(26, 'Barcelona', 'Catalunya', 5),
(27, 'Sevilla', 'Andalucia', 5),
(28, 'Valencia', 'Comunitat Valenciana', 5),
(29, 'Lisabona', 'Lisboa', 6),
(30, 'Porto', 'Norte', 6);

INSERT INTO universitati (id_universitate, nume_universitate, an_infiintare, cod_postal, adresa, telefon, email, id_localitate) VALUES
(1, 'Universitatea din București', 1864, '010012', 'București, Str. Panduri nr. 90', '0211234567', 'contact@ub.ro', 1),
(2, 'Universitatea Babeș-Bolyai', 1581, '400084', 'Cluj-Napoca, Str. Mănăștur nr. 4', '0264123456', 'contact@ubbcluj.ro', 2),
(3, 'Universitatea Politehnica din Timișoara', 1920, '300223', 'Timișoara, Str. Revoluției nr. 3', '0256987654', 'contact@upt.ro', 3),
(4, 'Universitatea Alexandru Ioan Cuza din Iași', 1860, '700056', 'Iași, Str. Copou nr. 11', '0232765432', 'contact@uaic.ro', 4),
(5, 'Universitatea de Științe Agricole și Medicină Veterinară din Cluj-Napoca', 1920, '400372', 'Cluj-Napoca, Str. Calea Mănăștur nr. 3', '0264123457', 'contact@usamvcluj.ro', 2),
(6, 'Universitatea din Craiova', 1947, '200584', 'Craiova, Str. Calea București nr. 3', '0251123459', 'contact@ucv.ro', 5),
(7, 'Universitatea din Brașov', 1990, '500030', 'Brașov, Str. Eroilor nr. 15', '0268123457', 'contact@unitbv.ro', 6),
(8, 'Universitatea Politehnica din București', 1818, '060042', 'București, Str. Splaiul Independenței nr. 313', '0215678910', 'contact@upb.ro', 1),
(9, 'Universitatea de Vest din Timișoara', 1962, '300223', 'Timișoara, Str. Pestalozzi nr. 16', '0256765432', 'contact@uvt.ro', 3),
(10, 'Universitatea din Ploiești', 1991, '100000', 'Ploiești, Str. Gh. Doja nr. 110', '0244234567', 'contact@upg-ploiesti.ro', 7),
(11, 'Universitatea din Galați', 1974, '800010', 'Galați, Str. Oțelarilor nr. 12', '0236123456', 'contact@ugal.ro', 8),
(12, 'Universitatea din Oradea', 1990, '410087', 'Oradea, Str. Universității nr. 1', '0259123456', 'contact@uoradea.ro', 9),
(13, 'Universitatea din Sibiu', 1990, '550123', 'Sibiu, Str. Universității nr. 3', '0269987654', 'contact@ulbsibiu.ro', 10),
(14, 'Universitatea de Medicină și Farmacie din Cluj-Napoca', 1919, '400164', 'Cluj-Napoca, Str. Clinicilor nr. 1', '0264555444', 'contact@umfcluj.ro', 2),
(15, 'Universitatea de Medicină și Farmacie „Grigore T. Popa” din Iași', 1879, '700115', 'Iași, Str. Universității nr. 16', '0232333444', 'contact@umfiasi.ro', 4),
(16, 'Universitatea Politehnica din Timișoara – Facultatea de Automatica', 1992, '300065', 'Timișoara, Str. Vasile Alecsandri nr. 10', '0256456789', 'contact@upt-auto.ro', 3),
(17, 'Universitatea de Științe și Arte „George Enescu” din Iași', 1992, '700138', 'Iași, Str. Universității nr. 5', '0232567890', 'contact@usauiasi.ro', 4),
(18, 'Universitatea Tehnică „Gheorghe Asachi” din Iași', 1937, '700221', 'Iași, Str. Prof. Vasile Conta nr. 3', '0232777888', 'contact@utclu.ro', 4),
(19, 'Universitatea din Arad', 1990, '310001', 'Arad, Str. Universității nr. 7', '0257112233', 'contact@uaarad.ro', 11),
(20, 'Universitatea din Târgu Mureș', 1960, '540000', 'Târgu Mureș, Str. Nicolae Iorga nr. 12', '0265344556', 'contact@umf.tgm.ro', 12),
(21, 'Universitatea de Științe Agricole și Medicină Veterinară din Timișoara', 1990, '300052', 'Timișoara, Str. Mărăști nr. 2', '0256223344', 'contact@usamvtm.ro', 3),
(22, 'Universitatea Tehnică din Cluj-Napoca', 1920, '400115', 'Cluj-Napoca, Str. Gh. Barițiu nr. 10', '0264455667', 'contact@utcluj.ro', 2),
(23, 'Universitatea „Ștefan cel Mare” din Suceava', 1990, '720229', 'Suceava, Str. Universității nr. 14', '0230667788', 'contact@usv.ro', 13),
(24, 'Universitatea de Arhitectură și Urbanism „Ion Mincu” din București', 1952, '010055', 'București, Str. Academiei nr. 18', '0219876543', 'contact@uauim.ro', 1),
(25, 'Universitatea din Călărași', 1990, '910130', 'Călărași, Str. Unirii nr. 5', '0242876543', 'contact@ucalarasi.ro', 14),
(26, 'Universitatea Tehnologică „Gheorghe Asachi” din Iași', 1945, '700300', 'Iași, Str. Universității nr. 10', '0232789101', 'contact@utiasi.ro', 4),
(27, 'Universitatea din Constanța', 1960, '900017', 'Constanța, Str. Ovidiu nr. 3', '0241123456', 'contact@univ-constanta.ro', 15),
(28, 'Universitatea din Târgoviște', 1990, '130042', 'Târgoviște, Str. Libertății nr. 1', '0245987654', 'contact@utgd.ro', 16),
(29, 'Universitatea „Lucian Blaga” din Sibiu', 1990, '550370', 'Sibiu, Str. Sibiului nr. 2', '0269667788', 'contact@ulbs.ro', 10),
(30, 'Universitatea „1 Decembrie 1918” din Alba Iulia', 1991, '510009', 'Alba Iulia, Str. Unirii nr. 10', '0258223344', 'contact@uab.ro', 17);

INSERT INTO facultati (id_facultate, denumire_facultate, an_infiintare, adresa, id_localitate, id_universitate) VALUES
(1, 'Facultatea de Automatica si Calculatoare', 1969, 'București, Str. Splaiul Independentei nr. 313', 1, 8),
(2, 'Facultatea de Drept', 1864, 'Cluj-Napoca, Str. Mănăștur nr. 4', 2, 2),
(3, 'Facultatea de Inginerie Mecanica', 1920, 'Timișoara, Str. Revoluției nr. 3', 3, 3),
(4, 'Facultatea de Litere', 1857, 'Iași, Str. Copou nr. 11', 4, 4),
(5, 'Facultatea de Științe Agricole', 1920, 'Cluj-Napoca, Str. Calea Mănăștur nr. 3', 2, 5),
(6, 'Facultatea de Științe Economice', 1990, 'Craiova, Str. Calea București nr. 3', 5, 6),
(7, 'Facultatea de Teologie', 1995, 'Brașov, Str. Eroilor nr. 15', 6, 7),
(8, 'Facultatea de Sociologie', 1960, 'București, Str. Splaiul Independenței nr. 313', 1, 8),
(9, 'Facultatea de Filosofie', 1990, 'Timișoara, Str. Pestalozzi nr. 16', 3, 9),
(10, 'Facultatea de Matematica', 1995, 'Ploiești, Str. Gh. Doja nr. 110', 7, 10),
(11, 'Facultatea de Biologie', 1974, 'Galați, Str. Oțelarilor nr. 12', 8, 11),
(12, 'Facultatea de Inginerie Electrică', 1990, 'Oradea, Str. Universității nr. 1', 9, 12),
(13, 'Facultatea de Fizică', 1990, 'Sibiu, Str. Universității nr. 3', 10, 13),
(14, 'Facultatea de Chimie', 1919, 'Cluj-Napoca, Str. Clinicilor nr. 1', 2, 14),
(15, 'Facultatea de Geografie', 1879, 'Iași, Str. Universității nr. 16', 4, 15),
(16, 'Facultatea de Informatică', 1992, 'Timișoara, Str. Vasile Alecsandri nr. 10', 3, 3),
(17, 'Facultatea de Psihologie', 1990, 'Iași, Str. Universității nr. 5', 4, 16),
(18, 'Facultatea de Tehnologia Informației', 1937, 'Iași, Str. Prof. Vasile Conta nr. 3', 4, 17),
(19, 'Facultatea de Arte', 1990, 'Arad, Str. Universității nr. 7', 11, 18),
(20, 'Facultatea de Jurnalism', 1960, 'Târgu Mureș, Str. Nicolae Iorga nr. 12', 12, 19),
(21, 'Facultatea de Filosofie și Științe Sociale', 1990, 'Timișoara, Str. Mărăști nr. 2', 3, 20),
(22, 'Facultatea de Drept și Administrație Publică', 1920, 'Cluj-Napoca, Str. Gh. Barițiu nr. 10', 2, 21),
(23, 'Facultatea de Arhitectură', 1990, 'Suceava, Str. Universității nr. 14', 13, 22),
(24, 'Facultatea de Arhitectură și Urbanism', 1952, 'București, Str. Academiei nr. 18', 1, 23),
(25, 'Facultatea de Inginerie Civilă', 1990, 'Călărași, Str. Unirii nr. 5', 14, 24),
(26, 'Facultatea de Biotehnologii', 1945, 'Iași, Str. Universității nr. 10', 4, 25),
(27, 'Facultatea de Tehnică de Calcul', 1960, 'Constanța, Str. Ovidiu nr. 3', 15, 26),
(28, 'Facultatea de Tehnologia Alimentelor', 1990, 'Târgoviște, Str. Libertății nr. 1', 16, 27),
(29, 'Facultatea de Protecția Mediului', 1990, 'Sibiu, Str. Sibiului nr. 2', 10, 28),
(30, 'Facultatea de Științe Sociale', 1991, 'Alba Iulia, Str. Unirii nr. 10', 17, 29);

INSERT INTO camine_studenti (id_camin, abreviere_camin, denumire_camin, id_universitate, cod_postal, adresa, telefon, email, id_localitate, campus, categorie_camin) VALUES
(1, 'Caminul 1', 'Centrul Universitar', 1, '100000', 'București, Str. Splaiul Independenței nr. 20', '0712345678', 'camin1@univ.ro', 1, 'Campus A', 1),
(2, 'Caminul 2', 'Studentilor', 2, '200000', 'Cluj-Napoca, Str. Universității nr. 1', '0723456789', 'camin2@univ.ro', 2, 'Campus B', 2),
(3, 'Caminul 3', 'Sufletul Tineretului', 3, '300000', 'Timișoara, Str. Banatului nr. 7', '0734567890', 'camin3@univ.ro', 3, 'Campus C', 3),
(4, 'Caminul 4', 'Căminul Studentului', 4, '400000', 'Iași, Str. Copou nr. 12', '0745678901', 'camin4@univ.ro', 4, 'Campus D', 4),
(5, 'Caminul 5', '
', 5, '500000', 'Cluj-Napoca, Str. Ardealului nr. 15', '0756789012', 'camin5@univ.ro', 2, 'Campus E', 5),
(6, 'Caminul 6', 'Universitas', 6, '600000', 'Craiova, Str. Craiovița nr. 10', '0767890123', 'camin6@univ.ro', 5, 'Campus F', 6),
(7, 'Caminul 7', 'Campusul 2', 7, '700000', 'Brașov, Str. Eroilor nr. 8', '0778901234', 'camin7@univ.ro', 6, 'Campus G', 7),
(8, 'Caminul 8', 'Universitatea de Tehnică', 8, '800000', 'București, Str. Bulevardul 1 Mai nr. 30', '0789012345', 'camin8@univ.ro', 1, 'Campus H', 8),
(9, 'Caminul 9', 'Spiru Haret', 9, '900000', 'Timișoara, Str. Marilor nr. 22', '0790123456', 'camin9@univ.ro', 3, 'Campus I', 9),
(10, 'Caminul 10', 'Steaua Studenților', 10, '100001', 'Ploiești, Str. Muncii nr. 17', '0701234567', 'camin10@univ.ro', 7, 'Campus J', 10),
(11, 'Caminul 11', 'Soluția Studențească', 11, '110000', 'Galați, Str. Oțelarilor nr. 13', '0712345678', 'camin11@univ.ro', 8, 'Campus K', 1),
(12, 'Caminul 12', 'Campusul Universitar', 12, '120000', 'Oradea, Str. Crângului nr. 5', '0723456789', 'camin12@univ.ro', 9, 'Campus L', 2),
(13, 'Caminul 13', 'Centrul Studențesc', 13, '130000', 'Sibiu, Str. Nicolae Iorga nr. 3', '0734567890', 'camin13@univ.ro', 10, 'Campus M', 3),
(14, 'Caminul 14', 'EcoCampus', 14, '140000', 'Cluj-Napoca, Str. Alexandru nr. 5', '0745678901', 'camin14@univ.ro', 2, 'Campus N', 4),
(15, 'Caminul 15', 'Confort Universitar', 15, '150000', 'Iași, Str. Bucovinei nr. 7', '0756789012', 'camin15@univ.ro', 4, 'Campus O', 5),
(16, 'Caminul 16', 'Campusul din Craiova', 16, '160000', 'Craiova, Str. Parcului nr. 12', '0767890123', 'camin16@univ.ro', 5, 'Campus P', 6),
(17, 'Caminul 17', 'Complexul Studențesc', 17, '170000', 'Brașov, Str. Avram Iancu nr. 1', '0778901234', 'camin17@univ.ro', 6, 'Campus Q', 7),
(18, 'Caminul 18', 'Studenții la Muncă', 18, '180000', 'Timișoara, Str. Martirilor nr. 10', '0789012345', 'camin18@univ.ro', 3, 'Campus R', 8),
(19, 'Caminul 19', 'Casa Studentului', 19, '190000', 'București, Str. Mihai Eminescu nr. 14', '0790123456', 'camin19@univ.ro', 1, 'Campus S', 9),
(20, 'Caminul 20', 'Campusul București', 20, '200000', 'Ploiești, Str. Universității nr. 11', '0701234567', 'camin20@univ.ro', 7, 'Campus T', 10),
(21, 'Caminul 21', 'Resedinta Universității', 21, '210000', 'Suceava, Str. Căminului nr. 4', '0712345678', 'camin21@univ.ro', 13, 'Campus U', 1),
(22, 'Caminul 22', 'Zona Studențească', 22, '220000', 'Târgu Mureș, Str. Drumul Poienii nr. 6', '0723456789', 'camin22@univ.ro', 12, 'Campus V', 2),
(23, 'Caminul 23', 'Complexul Studențesc 2', 23, '230000', 'București, Str. Independenței nr. 25', '0734567890', 'camin23@univ.ro', 1, 'Campus W', 3),
(24, 'Caminul 24', 'Universitatea Centrală', 24, '240000', 'Cluj-Napoca, Str. Măgurei nr. 3', '0745678901', 'camin24@univ.ro', 2, 'Campus X', 4),
(25, 'Caminul 25', 'Complexul Clujana', 25, '250000', 'Craiova, Str. N. Iorga nr. 3', '0756789012', 'camin25@univ.ro', 5, 'Campus Y', 5),
(26, 'Caminul 26', 'Facultatea de Economie', 26, '260000', 'Timișoara, Str. Primăverii nr. 5', '0767890123', 'camin26@univ.ro', 3, 'Campus Z', 6),
(27, 'Caminul 27', 'Universitas 2', 27, '270000', 'București, Str. Griviței nr. 4', '0778901234', 'camin27@univ.ro', 1, 'Campus AA', 7),
(28, 'Caminul 28', 'Complexul Universitar', 28, '280000', 'Sibiu, Str. Muntenia nr. 11', '0789012345', 'camin28@univ.ro', 10, 'Campus AB', 8),
(29, 'Caminul 29', 'Resedinta 2', 29, '290000', 'Brașov, Str. Valea Larga nr. 12', '0790123456', 'camin29@univ.ro', 6, 'Campus AC', 9),
(30, 'Caminul 30', 'Zona Studențească 3', 30, '300000', 'Cluj-Napoca, Str. Zorilor nr. 5', '0701234567', 'camin30@univ.ro', 2, 'Campus AD', 10);

INSERT INTO studenti (matricol, cnp, data_nasterii, nume, prenume, adresa, telefon, email, id_localitate) VALUES
(10000001, '2901234567890', '1998-03-21', 'Popescu', 'Ion', 'București, Str. Liniștii nr. 5', '0712345678', 'popescu.ion@example.com', 1),
(10000002, '2912345678901', '1997-07-10', 'Ionescu', 'Maria', 'Cluj-Napoca, Str. Mărului nr. 12', '0723456789', 'ionescu.maria@example.com', 2),
(10000003, '2923456789012', '1996-11-15', 'Georgescu', 'Andrei', 'Timișoara, Str. Păcii nr. 7', '0734567890', 'georgescu.andrei@example.com', 3),
(10000004, '2934567890123', '1999-02-28', 'Popa', 'Elena', 'Iași, Str. Copoului nr. 22', '0745678901', 'popa.elena@example.com', 4),
(10000005, '2945678901234', '1995-08-11', 'Vasile', 'Ion', 'București, Str. Universității nr. 16', '0756789012', 'vasile.ion@example.com', 1),
(10000006, '2956789012345', '1997-06-03', 'Dumitru', 'Adriana', 'Pașcani, Str. Spitalului nr. 9', '0767890123', 'dumitru.adriana@example.com', 7),
(10000007, '2967890123456', '1998-04-17', 'Stan', 'Mihai', 'Brașov, Str. Florilor nr. 11', '0778901234', 'stan.mihai@example.com', 6),
(10000008, '2978901234567', '1996-12-24', 'Radu', 'Florentina', 'Pașcani, Str. Libertății nr. 6', '0789012345', 'radu.florentina@example.com', 7),
(10000009, '2989012345678', '1997-09-05', 'Sava', 'Daniel', 'Cluj-Napoca, Str. Zorilor nr. 3', '0790123456', 'sava.daniel@example.com', 2),
(10000010, '2990123456789', '1995-01-13', 'Munteanu', 'Ioana', 'București, Str. Bucureștii Noi nr. 15', '0701234567', 'munteanu.ioana@example.com', 1),
(10000011, '3001234567890', '1998-05-20', 'Luca', 'Mihail', 'Pașcani, Str. Lăpuș nr. 10', '0712345678', 'luca.mihail@example.com', 7),
(10000012, '3012345678901', '1996-07-30', 'Iancu', 'Gabriela', 'Iași, Str. Griviței nr. 17', '0723456789', 'iancu.gabriela@example.com', 4),
(10000013, '3023456789012', '1999-03-16', 'Ciobanu', 'Florin', 'București, Str. Coltei nr. 19', '0734567890', 'ciobanu.florin@example.com', 1),
(10000014, '3034567890123', '1997-10-09', 'Anghel', 'Violeta', 'Brașov, Str. Trandafirilor nr. 8', '0745678901', 'anghel.violeta@example.com', 6),
(10000015, '3045678901234', '1996-05-12', 'Oprea', 'Sorin', 'Cluj-Napoca, Str. Grădina nr. 4', '0756789012', 'oprea.sorin@example.com', 2),
(10000016, '3056789012345', '1998-01-24', 'Mihăilescu', 'Cătălina', 'Timișoara, Str. Oltului nr. 13', '0767890123', 'mihailescu.catalina@example.com', 3),
(10000017, '3067890123456', '1999-11-22', 'Marinescu', 'Diana', 'Craiova, Str. Cișmelei nr. 3', '0778901234', 'marinescu.diana@example.com', 5),
(10000018, '3078901234567', '1997-04-17', 'Mihaila', 'Victor', 'Iași, Str. Teodor nr. 8', '0789012345', 'mihaila.victor@example.com', 4),
(10000019, '3089012345678', '1996-09-25', 'Tudor', 'Mihai', 'Brașov, Str. Cărbunelui nr. 9', '0790123456', 'tudor.mihai@example.com', 6),
(10000020, '3090123456789', '1999-05-06', 'Petrescu', 'Ionela', 'București, Str. Răzoare nr. 14', '0701234567', 'petrescu.ionela@example.com', 1),
(10000021, '3101234567890', '1997-12-30', 'Rusu', 'Bogdan', 'Pașcani, Str. Mureșului nr. 21', '0712345678', 'rusu.bogdan@example.com', 7),
(10000022, '3112345678901', '1995-06-10', 'Popa', 'Mihail', 'Cluj-Napoca, Str. Polona nr. 25', '0723456789', 'popa.mihail@example.com', 2),
(10000023, '3123456789012', '1996-02-14', 'Călin', 'Cristina', 'Timișoara, Str. Poștei nr. 1', '0734567890', 'calin.cristina@example.com', 3),
(10000024, '3134567890123', '1998-07-27', 'Vlad', 'Nicoleta', 'Iași, Str. Bulevardul nr. 4', '0745678901', 'vlad.nicoleta@example.com', 4),
(10000025, '3145678901234', '1997-10-05', 'Moraru', 'Doru', 'Brașov, Str. Muntelui nr. 13', '0756789012', 'moraru.doru@example.com', 6),
(10000026, '3156789012345', '1996-12-19', 'Neagu', 'Irina', 'București, Str. Dr. Petre nr. 28', '0767890123', 'neagu.irina@example.com', 1),
(10000027, '3167890123456', '1999-09-04', 'Ștefan', 'Ilie', 'Craiova, Str. Înfrățirii nr. 11', '0778901234', 'stefan.ilie@example.com', 5),
(10000028, '3178901234567', '1995-04-17', 'Mircea', 'Alina', 'Pașcani, Str. Armoniei nr. 6', '0789012345', 'mircea.alina@example.com', 7),
(10000029, '3189012345678', '1998-10-22', 'Marian', 'Lucian', 'Timișoara, Str. Iacob nr. 14', '0790123456', 'marian.lucian@example.com', 3),
(10000030, '3190123456789', '1997-01-11', 'Moldovan', 'Silvia', 'Iași, Str. Dacia nr. 7', '0701234567', 'moldovan.silvia@example.com', 4);

INSERT INTO parcurs_studenti (matricol, an_universitar, id_facultate, ciclu_studii, specializare, an_studii, nr_credite_acumulate, medie_anuala)VALUES
(10000001, 2022, 1, 1, 'Informatica', 1, 30, 8.75),
(10000002, 2022, 2, 1, 'Matematica', 1, 28, 9.00),
(10000003, 2022, 3, 1, 'Fizica', 1, 30, 8.50),
(10000004, 2022, 4, 1, 'Chimie', 1, 28, 8.40),
(10000005, 2022, 5, 1, 'Economie', 1, 30, 8.95),
(10000006, 2022, 6, 1, 'Psihologie', 1, 29, 8.80),
(10000007, 2022, 7, 1, 'Litere', 1, 30, 9.10),
(10000008, 2022, 8, 1, 'Drept', 1, 30, 9.00),
(10000009, 2022, 9, 1, 'Științe Politice', 1, 28, 8.60),
(10000010, 2022, 10, 1, 'Arhitectura', 1, 30, 9.20),
(10000011, 2023, 1, 2, 'Informatica', 2, 30, 8.80),
(10000012, 2023, 2, 2, 'Matematica', 2, 28, 9.10),
(10000013, 2023, 3, 2, 'Fizica', 2, 30, 8.70),
(10000014, 2023, 4, 2, 'Chimie', 2, 28, 8.50),
(10000015, 2023, 5, 2, 'Economie', 2, 30, 9.00),
(10000016, 2023, 6, 2, 'Psihologie', 2, 29, 8.90),
(10000017, 2023, 7, 2, 'Litere', 2, 30, 9.10),
(10000018, 2023, 8, 2, 'Drept', 2, 30, 9.00),
(10000020, 2023, 10, 2, 'Arhitectura', 2, 30, 9.30),
(10000021, 2024, 1, 3, 'Informatica', 3, 30, 9.00),
(10000022, 2024, 2, 3, 'Matematica', 3, 28, 9.20),
(10000023, 2024, 3, 3, 'Fizica', 3, 30, 8.80),
(10000024, 2024, 4, 3, 'Chimie', 3, 28, 8.60),
(10000025, 2024, 5, 3, 'Economie', 3, 30, 9.10),
(10000026, 2024, 6, 3, 'Psihologie', 3, 29, 8.95),
(10000027, 2024, 7, 3, 'Litere', 3, 30, 9.20),
(10000028, 2024, 8, 3, 'Drept', 3, 30, 9.10),
(10000029, 2024, 9, 3, 'Științe Politice', 3, 28, 8.80),
(10000030, 2024, 10, 3, 'Arhitectura', 3, 30, 9.40);

INSERT INTO locuri_camine_facultati (an_universitar, id_facultate, nr_locuri_repartizate)VALUES
(2022, 1, 100),
(2022, 2, 80),
(2022, 3, 120),
(2022, 4, 90),
(2022, 5, 75),
(2022, 6, 110),
(2022, 7, 150),
(2022, 8, 95),
(2022, 9, 85),
(2022, 10, 100),
(2022, 11, 115),
(2022, 12, 90),
(2022, 13, 120),
(2022, 14, 80),
(2022, 15, 105),
(2023, 1, 110),
(2023, 2, 95),
(2023, 3, 130),
(2023, 4, 100),
(2023, 5, 95),
(2023, 6, 120),
(2023, 7, 160),
(2023, 8, 105),
(2023, 9, 95),
(2023, 10, 110),
(2023, 11, 120),
(2023, 12, 110),
(2023, 13, 140),
(2023, 14, 90),
(2023, 15, 125),
(2024, 1, 115),
(2024, 2, 85);

INSERT INTO angajati (id_angajat, nume, prenume, telefon, email, id_localitate, data_nasterii, id_universitate, data_angajarii, functie, id_camin) VALUES
(1, 'Popescu', 'Ion', '0712345678', 'ion.popescu@email.com', 1, '1985-05-15', 1, '2010-01-15', 'Profesor', 1),
(2, 'Ionescu', 'Maria', '0723456789', 'maria.ionescu@email.com', 2, '1990-11-20', 2, '2015-03-12', 'Asistent universitar', 2),
(3, 'Georgescu', 'Andrei', '0734567890', 'andrei.georgescu@email.com', 3, '1988-06-30', 3, '2012-09-01', 'Lecturer', 3),
(4, 'Munteanu', 'Elena', '0745678901', 'elena.munteanu@email.com', 4, '1982-02-22', 4, '2008-12-01', 'Cadru didactic', 4),
(5, 'Dumitru', 'Victor', '0756789012', 'victor.dumitru@email.com', 5, '1987-01-17', 5, '2011-11-20', 'Profesor asociat', 5),
(6, 'Vasile', 'Gabriela', '0767890123', 'gabriela.vasile@email.com', 6, '1992-08-05', 6, '2016-04-14', 'Asistent universitar', 6),
(7, 'Stanciu', 'Mihai', '0778901234', 'mihai.stanciu@email.com', 7, '1984-02-28', 7, '2014-10-10', 'Lecturer', 7),
(8, 'Călinescu', 'Ana', '0789012345', 'ana.calinescu@email.com', 8, '1991-09-25', 8, '2017-01-01', 'Cadru didactic', 8),
(9, 'Radu', 'Ionela', '0790123456', 'ionela.radu@email.com', 9, '1989-12-10', 9, '2013-06-18', 'Profesor asociat', 9),
(10, 'Popa', 'Dan', '0701234567', 'dan.popa@email.com', 10, '1986-11-30', 10, '2010-03-23', 'Cadru didactic', 10),
(11, 'Constantin', 'Florin', '0712345678', 'florin.constantin@email.com', 11, '1983-07-25', 11, '2007-09-01', 'Profesor', 11),
(12, 'Iordache', 'Andreea', '0723456789', 'andreea.iordache@email.com', 12, '1994-02-14', 12, '2018-05-10', 'Asistent universitar', 12),
(13, 'Toma', 'Lucian', '0734567890', 'lucian.toma@email.com', 13, '1980-10-15', 13, '2006-04-12', 'Lecturer', 13),
(14, 'Sandu', 'Ioana', '0745678901', 'ioana.sandu@email.com', 14, '1990-03-04', 14, '2012-07-20', 'Cadru didactic', 14),
(15, 'Marin', 'Alexandra', '0756789012', 'alexandra.marin@email.com', 15, '1985-12-22', 15, '2009-10-08', 'Profesor asociat', 15),
(16, 'Dima', 'Mihail', '0767890123', 'mihail.dima@email.com', 16, '1987-05-10', 16, '2013-02-05', 'Cadru didactic', 16),
(17, 'Carp', 'Cătălina', '0778901234', 'catalina.carp@email.com', 17, '1988-08-23', 17, '2014-12-01', 'Profesor', 17),
(18, 'Rusu', 'Stefan', '0789012345', 'stefan.rusu@email.com', 18, '1989-01-19', 18, '2015-03-11', 'Asistent universitar', 18),
(20, 'Măruță', 'Iulian', '0701234567', 'iulian.maruta@email.com', 20, '1992-12-10', 20, '2017-09-01', 'Profesor asociat', 20),
(21, 'Neagu', 'Iulia', '0712345678', 'iulia.neagu@email.com', 21, '1990-01-18', 21, '2013-08-03', 'Cadru didactic', 21),
(22, 'Sava', 'Radu', '0723456789', 'radu.sava@email.com', 22, '1993-11-02', 22, '2017-05-11', 'Profesor', 22),
(23, 'Nica', 'Irina', '0734567890', 'irina.nica@email.com', 23, '1990-07-16', 23, '2014-10-14', 'Asistent universitar', 23),
(24, 'Păun', 'Lucia', '0745678901', 'lucia.paun@email.com', 24, '1984-03-21', 24, '2010-01-25', 'Lecturer', 24),
(25, 'Bălan', 'Mihnea', '0756789012', 'mihnea.balan@email.com', 25, '1991-06-03', 25, '2016-11-11', 'Cadru didactic', 25),
(26, 'Grigorescu', 'Daniela', '0767890123', 'daniela.grigorescu@email.com', 26, '1992-09-04', 26, '2017-12-22', 'Profesor asociat', 26),
(27, 'Ilie', 'Carmen', '0778901234', 'carmen.ilie@email.com', 27, '1985-10-09', 27, '2011-07-03', 'Profesor', 27),
(28, 'Roman', 'Marius', '0789012345', 'marius.roman@email.com', 28, '1993-12-12', 28, '2016-02-09', 'Asistent universitar', 28),
(29, 'Dănuț', 'Simona', '0790123456', 'simona.danut@email.com', 29, '1994-05-21', 29, '2017-06-07', 'Lecturer', 29),
(30, 'Bărcan', 'Cosmin', '0701234567', 'cosmin.barcan@email.com', 30, '1992-02-18', 30, '2016-03-22', 'Cadru didactic', 30);

INSERT INTO contracte_angajati (id_angajat, data_modificare_contract, salariu_brut, vechime, nr_pers_intretinere)
VALUES
(1, '2022-01-01', 3500.00, 5, 2),
(2, '2023-02-01', 4000.00, 6, 3),
(3, '2022-03-01', 4200.00, 7, 1),
(4, '2023-04-01', 4500.00, 8, 2),
(5, '2023-05-01', 3800.00, 4, 2),
(6, '2022-06-01', 4600.00, 9, 1),
(7, '2023-07-01', 3700.00, 3, 3),
(8, '2023-08-01', 3900.00, 5, 1),
(9, '2023-09-01', 4100.00, 6, 4),
(10, '2023-10-01', 4800.00, 10, 2),
(11, '2023-11-01', 5000.00, 11, 3),
(12, '2023-12-01', 4200.00, 7, 1),
(13, '2024-01-01', 4300.00, 8, 2),
(14, '2024-02-01', 4600.00, 9, 3),
(15, '2024-03-01', 4800.00, 10, 4),
(16, '2024-04-01', 4700.00, 9, 2),
(17, '2024-05-01', 4500.00, 8, 1),
(18, '2024-06-01', 4200.00, 7, 3),
(20, '2024-08-01', 4800.00, 10, 1),
(21, '2024-09-01', 4900.00, 10, 4),
(22, '2021-10-01', 5000.00, 11, 3),
(23, '2024-11-01', 5100.00, 12, 2),
(24, '2021-12-01', 4300.00, 8, 3),
(25, '2025-01-01', 4400.00, 9, 1),
(26, '2025-02-01', 4600.00, 10, 4),
(27, '2021-03-01', 4700.00, 11, 3),
(28, '2025-04-01', 4200.00, 7, 2),
(29, '2025-05-01', 4300.00, 8, 1),
(30, '2025-06-01', 4800.00, 9, 2);

INSERT INTO email_angajati (email, id_angajat) VALUES
('ion.popescu@companie.ro', 1),
('maria.ionescu@companie.ro', 2),
('andrei.georgescu@companie.ro', 3),
('elena.munteanu@companie.ro', 4),
('victor.dumitru@companie.ro', 5),
('gabriela.vasile@companie.ro', 6),
('mihai.stanciu@companie.ro', 7),
('ana.calinescu@companie.ro', 8),
('ionela.radu@companie.ro', 9),
('dan.popa@companie.ro', 10),
('florin.constantin@companie.ro', 11),
('andreea.iordache@companie.ro', 12),
('lucian.toma@companie.ro', 13),
('ioana.sandu@companie.ro', 14),
('alexandra.marin@companie.ro', 15),
('mihail.dima@companie.ro', 16),
('catalina.carp@companie.ro', 17),
('stefan.rusu@companie.ro', 18),
('iulian.maruta@companie.ro', 20),
('iulia.neagu@companie.ro', 21),
('radu.sava@companie.ro', 22),
('irina.nica@companie.ro', 23),
('lucia.paun@companie.ro', 24),
('mihnea.balan@companie.ro', 25),
('daniela.grigorescu@companie.ro', 26),
('carmen.ilie@companie.ro', 27),
('marius.roman@companie.ro', 28),
('simona.danut@companie.ro', 29),
('cosmin.barcan@companie.ro', 30);

INSERT INTO tel_angajati (telefon, id_angajat) VALUES
('0712345678', 1),
('0723456789', 2),
('0734567890', 3),
('0745678901', 4),
('0756789012', 5),
('0767890123', 6),
('0778901234', 7),
('0789012345', 8),
('0790123456', 9),
('0701234567', 10),
('0725431788', 11),
('0798459986', 12),
('0722318544', 13),
('0765693321', 14),
('0755408045', 15),
('0782004355', 16),
('0700238766', 17),
('0757722706', 20),
('0727545078', 21),
('0744022467', 22),
('0712345543', 23),
('0799123456', 24),
('0764239678', 25),
('0766840432', 26),
('0788332211', 27),
('0786543210', 28),
('0757654221', 29),
('0789999673', 30);

INSERT INTO camere (id_camera, numar_camera, id_camin, etaj, tip_camera, pret_curent_loc_camera) VALUES
(1, '101', 1, '1', 1, 150.00),
(2, '102', 1, '1', 2, 120.00),
(3, '201', 2, '2', 1, 160.00),
(4, '202', 2, '2', 2, 130.00),
(5, '301', 3, '3', 1, 170.00),
(6, '302', 3, '3', 2, 140.00),
(7, '401', 4, '4', 1, 180.00),
(8, '402', 4, '4', 2, 150.00),
(9, '501', 5, '5', 1, 190.00),
(10, '502', 5, '5', 2, 160.00),
(11, '601', 6, '6', 1, 200.00),
(12, '602', 6, '6', 2, 170.00),
(13, '701', 7, '7', 1, 210.00),
(14, '702', 7, '7', 2, 180.00),
(15, '801', 8, '8', 1, 220.00),
(16, '802', 8, '8', 2, 190.00),
(17, '901', 9, '9', 1, 230.00),
(18, '902', 9, '9', 2, 200.00),
(19, '1001', 10, '10', 1, 240.00),
(20, '1002', 10, '10', 2, 210.00),
(21, '1101', 11, '11', 1, 250.00),
(22, '1102', 11, '11', 2, 220.00),
(23, '1201', 12, '12', 1, 260.00),
(24, '1202', 12, '12', 2, 230.00),
(25, '1301', 13, '13', 1, 270.00),
(26, '1302', 13, '13', 2, 240.00),
(27, '1401', 14, '14', 1, 280.00),
(28, '1402', 14, '14', 2, 250.00),
(29, '1501', 15, '15', 1, 290.00),
(30, '1502', 15, '15', 2, 260.00);	

INSERT INTO ture_receptionisti (id_receptionist, data_ora_inceput_tura, id_camin, data_ora_sfarsit_tura) VALUES
(1, '2025-03-01 08:00:00', 1, '2025-03-01 16:00:00'),
(2, '2025-03-01 16:00:00', 2, '2025-03-01 24:00:00'),
(3, '2025-03-02 08:00:00', 3, '2025-03-02 16:00:00'),
(4, '2025-03-02 16:00:00', 4, '2025-03-02 24:00:00'),
(5, '2025-03-03 08:00:00', 5, '2025-03-03 16:00:00'),
(6, '2025-03-03 16:00:00', 6, '2025-03-03 24:00:00'),
(7, '2025-03-04 08:00:00', 7, '2025-03-04 16:00:00'),
(8, '2025-03-04 16:00:00', 8, '2025-03-04 24:00:00'),
(9, '2025-03-05 08:00:00', 9, '2025-03-05 16:00:00'),
(10, '2025-03-05 16:00:00', 10, '2025-03-05 24:00:00'),
(11, '2025-03-06 08:00:00', 11, '2025-03-06 16:00:00'),
(12, '2025-03-06 16:00:00', 12, '2025-03-06 24:00:00'),
(13, '2025-03-07 08:00:00', 13, '2025-03-07 16:00:00'),
(14, '2025-03-07 16:00:00', 14, '2025-03-07 24:00:00'),
(15, '2025-03-08 08:00:00', 15, '2025-03-08 16:00:00'),
(16, '2025-03-08 16:00:00', 16, '2025-03-08 24:00:00'),
(17, '2025-03-09 08:00:00', 17, '2025-03-09 16:00:00'),
(18, '2025-03-09 16:00:00', 18, '2025-03-09 24:00:00'),
(20, '2025-03-10 16:00:00', 20, '2025-03-10 24:00:00'),
(21, '2025-03-11 08:00:00', 21, '2025-03-11 16:00:00'),
(22, '2025-03-11 16:00:00', 22, '2025-03-11 24:00:00'),
(23, '2025-03-12 08:00:00', 23, '2025-03-12 16:00:00'),
(24, '2025-03-12 16:00:00', 24, '2025-03-12 24:00:00'),
(25, '2025-03-13 08:00:00', 25, '2025-03-13 16:00:00'),
(26, '2025-03-13 16:00:00', 26, '2025-03-13 24:00:00'),
(27, '2025-03-14 08:00:00', 27, '2025-03-14 16:00:00'),
(28, '2025-03-14 16:00:00', 28, '2025-03-14 24:00:00'),
(29, '2025-03-15 08:00:00', 29, '2025-03-15 16:00:00'),
(30, '2025-03-15 16:00:00', 30, '2025-03-15 24:00:00');

INSERT INTO ture_gardieni (id_gardian, data_ora_inceput_tura, id_camin, data_ora_sfarsit_tura) VALUES
(1, '2023-03-01 08:00:00', 1, '2023-03-01 16:00:00'),
(1, '2025-03-01 16:00:00', 2, '2025-03-01 24:00:00'),
(3, '2025-03-02 08:00:00', 3, '2025-03-02 16:00:00'),
(4, '2025-03-02 16:00:00', 4, '2025-03-02 24:00:00'),
(5, '2023-03-03 08:00:00', 1, '2023-03-03 16:00:00'),
(5, '2025-03-03 16:00:00', 2, '2025-03-03 24:00:00'),
(7, '2025-03-04 08:00:00', 7, '2025-03-04 16:00:00'),
(8, '2024-03-04 16:00:00', 8, '2024-03-04 24:00:00'),
(9, '2025-03-05 08:00:00', 9, '2025-03-05 16:00:00'),
(10, '2025-03-05 16:00:00', 10, '2025-03-05 24:00:00'),
(11, '2022-03-06 08:00:00', 1, '2022-03-06 16:00:00'),
(11, '2022-03-06 16:00:00', 2, '2022-03-06 24:00:00'),
(16, '2025-03-07 08:00:00', 2, '2025-03-07 16:00:00'),
(14, '2022-03-07 16:00:00', 14, '2022-03-07 24:00:00'),
(15, '2025-03-08 08:00:00', 15, '2025-03-08 16:00:00'),
(16, '2021-03-08 16:00:00', 1, '2021-03-08 24:00:00'),
(17, '2025-03-09 08:00:00', 17, '2025-03-09 16:00:00'),
(18, '2025-03-09 16:00:00', 18, '2025-03-09 24:00:00'),
(20, '2025-03-10 16:00:00', 20, '2025-03-10 24:00:00'),
(21, '2025-03-11 08:00:00', 21, '2025-03-11 16:00:00'),
(22, '2025-03-11 16:00:00', 22, '2025-03-11 24:00:00'),
(23, '2025-03-12 08:00:00', 23, '2025-03-12 16:00:00'),
(24, '2025-03-12 16:00:00', 24, '2025-03-12 24:00:00'),
(25, '2025-03-13 08:00:00', 25, '2025-03-13 16:00:00'),
(26, '2025-03-13 16:00:00', 26, '2025-03-13 24:00:00'),
(27, '2025-03-14 08:00:00', 27, '2025-03-14 16:00:00'),
(28, '2025-03-14 16:00:00', 28, '2025-03-14 24:00:00'),
(29, '2025-03-15 08:00:00', 29, '2025-03-15 16:00:00'),
(30, '2025-03-15 16:00:00', 30, '2025-03-15 24:00:00');

INSERT INTO cereri (id_cerere, data_ora_cerere, matricol, an_universitar, id_camin1, id_camin2, id_camin3) VALUES
(1, '2021-03-01 08:00:00', 10000001, 2025, 1, 2, 3),
(2, '2021-03-01 09:00:00', 10000002, 2025, 4, 5, 6),
(3, '2022-03-02 08:00:00', 10000003, 2025, 7, 8, 9),
(4, '2022-03-02 09:00:00', 10000004, 2025, 10, 11, 12),
(5, '2023-03-03 08:00:00', 10000005, 2025, 13, 14, 15),
(6, '2023-03-03 09:00:00', 10000006, 2025, 16, 13, 18),
(7, '2023-03-04 08:00:00', 10000007, 2025, 19, 20, 13),
(8, '2023-03-04 09:00:00', 10000008, 2025, 13, 23, 24),
(9, '2023-03-05 08:00:00', 10000009, 2025, 25, 13, 27),
(10, '2024-03-05 09:00:00', 10000010, 2025, 28, 29, 30),
(11, '2024-03-06 08:00:00', 10000011, 2025, 1, 4, 7),
(12, '2021-03-06 09:00:00', 10000012, 2025, 10, 13, 16),
(13, '2021-03-07 08:00:00', 10000013, 2025, 17, 20, 23),
(14, '2022-03-07 09:00:00', 10000014, 2025, 2, 5, 8),
(15, '2025-03-08 08:00:00', 10000015, 2025, 11, 14, 17),
(16, '2025-03-08 09:00:00', 10000016, 2025, 18, 21, 24),
(17, '2025-03-09 08:00:00', 10000017, 2025, 25, 28, 1),
(18, '2025-03-09 09:00:00', 10000018, 2025, 4, 7, 10),
(20, '2025-03-10 09:00:00', 10000020, 2025, 22, 25, 28),
(21, '2025-03-11 08:00:00', 10000021, 2025, 3, 6, 9),
(22, '2025-03-11 09:00:00', 10000022, 2025, 12, 15, 18),
(23, '2025-03-12 08:00:00', 10000023, 2025, 21, 24, 27),
(24, '2025-03-12 09:00:00', 10000024, 2025, 30, 1, 4),
(25, '2025-03-13 08:00:00', 10000025, 2025, 7, 10, 13),
(26, '2025-03-13 09:00:00', 10000026, 2025, 16, 19, 22),
(27, '2025-03-14 08:00:00', 10000027, 2025, 25, 28, 1),
(28, '2025-03-14 09:00:00', 10000028, 2025, 5, 8, 11),
(29, '2025-03-15 08:00:00', 10000029, 2025, 14, 17, 20),
(30, '2025-03-15 09:00:00', 10000030, 2025, 23, 26, 29);

INSERT INTO repartizari (id_repartizare, data_ora_repartizare, id_cerere, id_camin_repartizat) VALUES
(1, '2021-03-16 08:00:00', 1, 2),
(2, '2021-03-16 09:00:00', 2, 2),
(3, '2022-03-17 08:00:00', 3, 2),
(4, '2022-03-17 09:00:00', 4, 5),
(5, '2023-03-18 08:00:00', 5, 13),
(6, '2023-03-18 09:00:00', 5, 13),
(7, '2023-03-19 08:00:00', 5, 13),
(8, '2024-03-19 09:00:00', 8, 9),
(9, '2024-03-20 08:00:00', 9, 10),
(10, '2024-03-20 09:00:00', 10, 11),
(11, '2025-03-21 08:00:00', 11, 12),
(12, '2025-03-21 09:00:00', 12, 13),
(13, '2025-03-22 08:00:00', 13, 14),
(14, '2025-03-22 09:00:00', 14, 15),
(15, '2025-03-23 08:00:00', 15, 16),
(16, '2025-03-23 09:00:00', 16, 17),
(17, '2025-03-24 08:00:00', 17, 18),
(18, '2025-03-24 09:00:00', 18, 19),
(20, '2025-03-25 09:00:00', 20, 21),
(21, '2025-03-26 08:00:00', 21, 22),
(22, '2025-03-26 09:00:00', 22, 23),
(23, '2025-03-27 08:00:00', 23, 24),
(24, '2025-03-27 09:00:00', 24, 25),
(25, '2025-03-28 08:00:00', 25, 26),
(26, '2025-03-28 09:00:00', 26, 27),
(27, '2025-03-29 08:00:00', 27, 28),
(28, '2025-03-29 09:00:00', 28, 29),
(29, '2025-03-30 08:00:00', 29, 30),
(30, '2025-03-30 09:00:00', 30, 1);

INSERT INTO incasari (id_incasare, data_ora_incasare, matricol_student_platitor, modalitate_plata, suma_incasata) VALUES
(1, '2021-03-01 10:00:00', 10000001, 'Card', 150.00),
(2, '2021-03-01 11:00:00', 10000002, 'Cash', 200.00),
(3, '2022-03-01 12:00:00', 10000003, 'Card', 180.00),
(4, '2022-03-02 10:30:00', 10000004, 'Card', 220.00),
(5, '2023-03-02 11:30:00', 10000005, 'Cash', 250.00),
(6, '2023-03-03 09:00:00', 10000006, 'Card', 160.00),
(7, '2025-03-03 10:00:00', 10000007, 'Cash', 210.00),
(8, '2025-03-03 11:00:00', 10000008, 'Card', 230.00),
(9, '2025-03-04 14:00:00', 10000009, 'Card', 190.00),
(10, '2025-03-04 15:00:00', 10000010, 'Cash', 280.00),
(11, '2025-03-05 09:00:00', 10000011, 'Card', 200.00),
(12, '2025-03-05 10:00:00', 10000012, 'Cash', 250.00),
(13, '2025-03-06 11:00:00', 10000013, 'Card', 170.00),
(14, '2025-03-06 12:00:00', 10000014, 'Cash', 240.00),
(15, '2025-03-07 13:00:00', 10000015, 'Card', 210.00),
(16, '2025-03-07 14:00:00', 10000016, 'Cash', 220.00),
(17, '2025-03-08 09:30:00', 10000017, 'Card', 250.00),
(18, '2025-03-08 10:30:00', 10000018, 'Cash', 190.00),
(20, '2025-03-09 12:00:00', 10000020, 'Cash', 270.00),
(21, '2025-03-10 09:00:00', 10000021, 'Card', 180.00),
(22, '2025-03-10 10:00:00', 10000022, 'Cash', 220.00),
(23, '2025-03-11 11:00:00', 10000023, 'Card', 190.00),
(24, '2025-03-11 12:00:00', 10000024, 'Cash', 240.00);

INSERT INTO vizite (id_vizita, data_ora_inceput_vizita, data_ora_sfarsit_vizita, nume_prenume_vizitator, tel_vizitator, id_camera_vizitata, matricol_student_vizitat, observatii_vizita) VALUES
(1, '2023-03-01 10:00:00', '2023-03-01 12:00:00', 'Popescu Maria', '0712345678', 1, 10000001, 'Vizită pentru verificarea stării camerei'),
(2, '2025-03-02 14:00:00', '2025-03-02 16:00:00', 'Ionescu Andrei', '0723456789', 2, 10000002, 'Vizită de inspectare cameră pentru renovare'),
(3, '2023-03-03 09:00:00', '2023-03-03 11:00:00', 'Georgescu Ioana', '0734567890', 1, 10000001, 'Vizită pentru completarea documentelor'),
(4, '2025-03-04 13:00:00', '2025-03-04 15:00:00', 'Dumitru Victor', '0745678901', 4, 10000004, 'Vizită programată cu scop educativ'),
(5, '2025-03-05 15:00:00', '2025-03-05 17:00:00', 'Vasile Gabriela', '0756789012', 5, 10000005, 'Vizită de recuperare examene'),
(6, '2025-03-06 10:30:00', '2025-03-06 12:30:00', 'Stanciu Mihai', '0767890123', 6, 10000006, 'Vizită din partea familiei'),
(7, '2025-03-07 16:00:00', '2025-03-07 18:00:00', 'Călinescu Ana', '0778901234', 7, 10000007, 'Vizită pentru a aduce acte importante'),
(8, '2023-03-08 11:00:00', '2023-03-08 13:00:00', 'Radu Ionela', '0789012345', 1, 10000001, 'Vizită pentru discuții personale'),
(9, '2025-03-09 12:30:00', '2025-03-09 14:30:00', 'Popa Dan', '0790123456', 9, 10000009, 'Vizită din partea unui profesor'),
(10, '2025-03-10 14:00:00', '2025-03-10 16:00:00', 'Constantin Florin', '0701234567', 10, 10000010, 'Vizită pentru suport psihologic'),
(11, '2025-03-11 16:30:00', '2025-03-11 18:30:00', 'Iordache Andreea', '0712345678', 11, 10000011, 'Vizită de finalizare documente legale'),
(12, '2023-03-12 08:00:00', '2023-03-12 10:00:00', 'Toma Lucian', '0723456789', 1, 10000001, 'Vizită pentru completarea studiilor'),
(13, '2025-03-13 15:00:00', '2025-03-13 17:00:00', 'Sandu Ioana', '0734567890', 13, 10000013, 'Vizită pentru discuții administrative'),
(14, '2025-03-14 14:00:00', '2025-03-14 16:00:00', 'Marin Alexandra', '0745678901', 14, 10000014, 'Vizită pentru motivare examene'),
(15, '2025-03-15 13:30:00', '2025-03-15 15:30:00', 'Dima Mihail', '0756789012', 15, 10000015, 'Vizită pentru completarea formalităților'),
(16, '2025-03-16 10:00:00', '2025-03-16 12:00:00', 'Carp Cătălina', '0767890123', 16, 10000016, 'Vizită de informare despre activități de voluntariat'),
(17, '2025-03-17 14:00:00', '2025-03-17 16:00:00', 'Rusu Stefan', '0778901234', 17, 10000017, 'Vizită pentru discuții despre stagiu de practică'),
(18, '2025-03-18 09:00:00', '2025-03-18 11:00:00', 'Mihaila Vlad', '0789012345', 18, 10000018, 'Vizită de consiliere pentru alegerea cursurilor'),
(20, '2025-03-20 14:00:00', '2025-03-20 16:00:00', 'Neagu Iulia', '0701234567', 20, 10000020, 'Vizită de întreținere camere'),
(21, '2025-03-21 12:30:00', '2025-03-21 14:30:00', 'Sava Radu', '0712345678', 21, 10000021, 'Vizită pentru completarea formularului de cazare'),
(22, '2025-03-22 08:00:00', '2025-03-22 10:00:00', 'Nica Irina', '0723456789', 22, 10000022, 'Vizită pentru activități culturale'),
(23, '2025-03-23 16:00:00', '2025-03-23 18:00:00', 'Păun Lucia', '0734567890', 23, 10000023, 'Vizită pentru proceduri administrative'),
(24, '2025-03-24 14:30:00', '2025-03-24 16:30:00', 'Bălan Mihnea', '0745678901', 24, 10000024, 'Vizită pentru completarea aplicației de cazare'),
(25, '2025-03-25 13:00:00', '2025-03-25 15:00:00', 'Grigorescu Daniela', '0756789012', 25, 10000025, 'Vizită de asistență studenți internaționali'),
(26, '2025-03-26 10:30:00', '2025-03-26 12:30:00', 'Ilie Carmen', '0767890123', 26, 10000026, 'Vizită pentru discutarea rezultatelor examenului'),
(27, '2025-03-27 15:30:00', '2025-03-27 17:30:00', 'Roman Marius', '0778901234', 27, 10000027, 'Vizită pentru completarea formalităților interne'),
(28, '2025-03-28 14:00:00', '2025-03-28 16:00:00', 'Dănuț Simona', '0789012345', 28, 10000028, 'Vizită pentru obținerea autorizațiilor'),
(29, '2025-03-29 09:00:00', '2025-03-29 11:00:00', 'Bărcan Cosmin', '0790123456', 29, 10000029, 'Vizită de orientare academică'),
(30, '2025-03-30 13:00:00', '2025-03-30 15:00:00', 'Popescu Ioana', '0701234567', 30, 10000030, 'Vizită pentru diseminare informații de cazare');

INSERT INTO cazari (id_cazare, data_ora_cazare, id_repartizare, id_camera, data_ora_decazare, motiv_decazare) VALUES
(1, '2023-03-01 14:00:00', 1, 1, '2023-06-01 10:00:00', 'Sfârșit de an universitar'),
(2, '2025-03-02 15:00:00', 2, 2, '2025-06-02 10:00:00', 'Cerere de mutare în altă cameră'),
(3, '2023-03-03 16:00:00', 3, 3, '2023-06-03 11:00:00', 'Sfârșit de an universitar'),
(4, '2025-03-04 10:00:00', 4, 4, '2025-06-04 12:00:00', 'Finalizarea semestrului'),
(5, '2025-03-05 17:00:00', 5, 5, '2025-06-05 09:00:00', 'Mutare într-o altă cameră'),
(6, '2025-03-06 14:30:00', 6, 6, '2025-06-06 10:00:00', 'Sfârșit de contract'),
(7, '2025-03-07 09:00:00', 7, 7, '2025-06-07 11:00:00', 'Sfârșit de an universitar'),
(8, '2025-03-08 12:00:00', 8, 8, '2025-06-08 10:00:00', 'Cerere de mutare'),
(9, '2025-03-09 11:00:00', 9, 9, '2025-06-09 13:00:00', 'Repartizare pe altă cameră'),
(10, '2023-03-10 16:00:00', 10, 10, '2023-06-10 15:00:00', 'Sfârșit de an universitar'),
(11, '2025-03-11 13:00:00', 11, 11, '2025-06-11 10:00:00', 'Mutare în altă cameră'),
(12, '2025-03-12 14:30:00', 12, 12, '2025-06-12 11:00:00', 'Sfârșit de contract'),
(13, '2025-03-13 16:00:00', 13, 13, '2025-06-13 10:00:00', 'Sfârșit de an universitar'),
(14, '2023-03-14 14:30:00', 14, 14, '2023-06-14 11:30:00', 'Mutare pe altă cameră'),
(15, '2025-03-15 15:00:00', 15, 15, '2025-06-15 12:00:00', 'Sfârșit de an universitar'),
(16, '2025-03-16 16:00:00', 16, 16, '2025-06-16 10:00:00', 'Cerere de mutare în altă cameră'),
(17, '2025-03-17 10:00:00', 17, 17, '2025-06-17 14:00:00', 'Sfârșit de semestru'),
(18, '2025-03-18 15:30:00', 18, 18, '2025-06-18 12:30:00', 'Repartizare pe altă cameră'),
(20, '2025-03-20 14:30:00', 20, 20, '2025-06-20 10:30:00', 'Sfârșit de contract'),
(21, '2025-03-21 12:00:00', 21, 21, '2025-06-21 13:00:00', 'Cerere de mutare în altă cameră'),
(22, '2025-03-22 16:00:00', 22, 22, '2025-06-22 14:00:00', 'Sfârșit de an universitar'),
(23, '2025-03-23 11:30:00', 23, 23, '2025-06-23 10:30:00', 'Sfârșit de contract'),
(24, '2023-03-24 10:00:00', 24, 24, '2023-06-24 11:00:00', 'Mutare în altă cameră'),
(25, '2025-03-25 15:00:00', 25, 25, '2025-06-25 13:00:00', 'Sfârșit de an universitar'),
(26, '2025-03-26 12:30:00', 26, 26, '2025-06-26 14:00:00', 'Cerere de mutare'),
(27, '2023-03-27 14:30:00', 27, 27, '2023-06-27 10:30:00', 'Repartizare pe altă cameră'),
(28, '2025-03-28 16:00:00', 28, 28, '2025-06-28 12:30:00', 'Sfârșit de contract'),
(29, '2025-03-29 09:30:00', 29, 29, '2025-06-29 10:00:00', 'Sfârșit de an universitar'),
(30, '2025-03-30 14:30:00', 30, 30, '2025-06-30 15:00:00', 'Mutare în altă cameră');
